{
  "project_info": {
    "project_number": "518218792807",
    "firebase_url": "https://esp32-playground-a46d7-default-rtdb.europe-west1.firebasedatabase.app",
    "project_id": "esp32-playground-a46d7",
    "storage_bucket": "esp32-playground-a46d7.appspot.com"
  },
  "client": [
    {
      "client_info": {
        "mobilesdk_app_id": "1:518218792807:android:4142c0f9c73c69a5af39c2",
        "android_client_info": {
          "package_name": "com.example.loginv3"
        }
      },
      "oauth_client": [
        {
          "client_id": "518218792807-nfhhmorccii7jb282hv3o1j2b9sna4r9.apps.googleusercontent.com",
          "client_type": 3
        }
      ],
      "api_key": [
        {
          "current_key": "AIzaSyA5-IERb6o1MlvUFn2zZbp9YGQKh6_dkoE"
        }
      ],
      "services": {
        "appinvite_service": {
          "other_platform_oauth_client": [
            {
              "client_id": "518218792807-nfhhmorccii7jb282hv3o1j2b9sna4r9.apps.googleusercontent.com",
              "client_type": 3
            }
          ]
        }
      }
    }
  ],
  "configuration_version": "1"
}